title,itemprice,starrs,url
Fashionable inflight items plastic sound insulation ear plugs,,0,https://www.alibaba.com/product-detail/Fashionable-inflight-items-plastic-sound-insulation_60383877450.html
Wholesale Lowest Price China Children's Birthday Party Items Supplies,,2,https://www.alibaba.com/product-detail/Wholesale-Lowest-Price-China-Children-s_60507339708.html
Birthday party items gift decorations supplies,,1,https://www.alibaba.com/product-detail/Birthday-party-items-gift-decorations-supplies_60826373825.html
Airline Blanket / Inflight Blanket/ Polyester Fleece Blanket fire retardant Item 040217,$1.30-$5.50,3,https://www.alibaba.com/product-detail/Airline-Blanket-Inflight-Blanket-Polyester-Fleece_60753601852.html
Airline Catering Equipment Buffet Accessories Food Carts Trolleys,,0,https://www.alibaba.com/product-detail/Airline-Catering-Equipment-Buffet-Accessories-Food_62393995548.html
SmallOrders RF19 Game console mobile phone handle TV handle Hot selling practical wireless game controller promotional gift,,2,https://www.alibaba.com/product-detail/SmallOrders-RF19-Game-console-mobile-phone_1600438312626.html
SmallOrders G020603 Pet SuppliesDog ToysPuzzle Leaking Food Molar Cleaner Elastic Molar Ball Custom promotional toys and gifts,,2,https://www.alibaba.com/product-detail/SmallOrders-G020603-Pet-SuppliesDog-ToysPuzzle-Leaking_1600341345104.html
SmallOrders RF19 Hot selling practical wireless game controller game console mobile phone handle TV handle promotional gift,,0,https://www.alibaba.com/product-detail/SmallOrders-RF19-Hot-selling-practical-wireless_1600436531873.html
Fashionable inflight items plastic sound insulation ear plugs,,0,https://www.alibaba.com/product-detail/Fashionable-inflight-items-plastic-sound-insulation_60383877450.html
Wholesale Lowest Price China Children's Birthday Party Items Supplies,,2,https://www.alibaba.com/product-detail/Wholesale-Lowest-Price-China-Children-s_60507339708.html
Birthday party items gift decorations supplies,,1,https://www.alibaba.com/product-detail/Birthday-party-items-gift-decorations-supplies_60826373825.html
Airline Blanket / Inflight Blanket/ Polyester Fleece Blanket fire retardant Item 040217,$1.30-$5.50,3,https://www.alibaba.com/product-detail/Airline-Blanket-Inflight-Blanket-Polyester-Fleece_60753601852.html
Airline Catering Equipment Buffet Accessories Food Carts Trolleys,,0,https://www.alibaba.com/product-detail/Airline-Catering-Equipment-Buffet-Accessories-Food_62393995548.html
Woven seagrass storage basket Serving Tray Square seagrass basket Food Snack decor,,0,https://www.alibaba.com/product-detail/Woven-seagrass-storage-basket-Serving-Tray_1600289177186.html
Happy Birthday Cake Topper Supplies Acrylic Decor Cupcake Birthday Party Decoration,,0,https://www.alibaba.com/product-detail/Happy-Birthday-Cake-Topper-Supplies-Acrylic_1600066797859.html
Hot Sales Handmade Bamboo Storage Basket Woven Bread Fruit Vegetables Egg Gift Basket,,0,https://www.alibaba.com/product-detail/Hot-Sales-Handmade-Bamboo-Storage-Basket_1600289051442.html
Fashionable inflight items plastic sound insulation ear plugs,$0.038-$0.25,0,https://www.alibaba.com/product-detail/Fashionable-inflight-items-plastic-sound-insulation_60383877450.html
Wholesale Lowest Price China Children's Birthday Party Items Supplies,,2,https://www.alibaba.com/product-detail/Wholesale-Lowest-Price-China-Children-s_60507339708.html
Birthday party items gift decorations supplies,$3.00-$5.00,1,https://www.alibaba.com/product-detail/Birthday-party-items-gift-decorations-supplies_60826373825.html
Airline Blanket / Inflight Blanket/ Polyester Fleece Blanket fire retardant Item 040217,$1.30-$5.50,3,https://www.alibaba.com/product-detail/Airline-Blanket-Inflight-Blanket-Polyester-Fleece_60753601852.html
Airline Catering Equipment Buffet Accessories Food Carts Trolleys,$40.00-$90.00,0,https://www.alibaba.com/product-detail/Airline-Catering-Equipment-Buffet-Accessories-Food_62393995548.html
Hot Sales Handmade Bamboo Storage Basket Woven Bread Fruit Vegetables Egg Gift Basket,,0,https://www.alibaba.com/product-detail/Hot-Sales-Handmade-Bamboo-Storage-Basket_1600289051442.html
SmallOrders G020504 New golf indoor and outdoor swing practice net automatic return ball folding easy storage sporting goods,,2,https://www.alibaba.com/product-detail/SmallOrders-G020504-New-golf-indoor-and_1600341991371.html
Acrylic Happy Birthday Cake Topper Feliz cumpleanos Cake Birthday Toppers Party Supplies Decoration,,1,https://www.alibaba.com/product-detail/Acrylic-Happy-Birthday-Cake-Topper-Feliz_1600155975125.html
Fashionable inflight items plastic sound insulation ear plugs,$0.038-$0.25,0,https://www.alibaba.com/product-detail/Fashionable-inflight-items-plastic-sound-insulation_60383877450.html
Wholesale Lowest Price China Children's Birthday Party Items Supplies,,2,https://www.alibaba.com/product-detail/Wholesale-Lowest-Price-China-Children-s_60507339708.html
Birthday party items gift decorations supplies,$3.00-$5.00,1,https://www.alibaba.com/product-detail/Birthday-party-items-gift-decorations-supplies_60826373825.html
Airline Blanket / Inflight Blanket/ Polyester Fleece Blanket fire retardant Item 040217,$1.30-$5.50,3,https://www.alibaba.com/product-detail/Airline-Blanket-Inflight-Blanket-Polyester-Fleece_60753601852.html
SmallOrders G020603 Pet SuppliesDog ToysPuzzle Leaking Food Molar Cleaner Elastic Molar Ball Custom promotional toys and gifts,$4.70-$4.80,2,https://www.alibaba.com/product-detail/SmallOrders-G020603-Pet-SuppliesDog-ToysPuzzle-Leaking_1600341345104.html
SmallOrders RF19 Game console mobile phone handle TV handle Hot selling practical wireless game controller promotional gift,$5.92-$6.12,2,https://www.alibaba.com/product-detail/SmallOrders-RF19-Game-console-mobile-phone_1600438312626.html
Airline Catering Equipment Buffet Accessories Food Carts Trolleys,$40.00-$90.00,0,https://www.alibaba.com/product-detail/Airline-Catering-Equipment-Buffet-Accessories-Food_62393995548.html
SmallOrders G020509 Company custom logo waterproof bicycle bag for outdoor cycling supplies Practical gifts sports goods,$3.52-$3.90,0,https://www.alibaba.com/product-detail/SmallOrders-G020509-Company-custom-logo-waterproof_1600427666645.html
